{
    "loss": 6.6351494789123535,
    "accuracy": 0.7113401889801025
}