{
    "loss": 5.01406192779541,
    "accuracy": 0.47422680258750916
}